{
  "name" : "job-1539376662812",
  "sourceOrgId" : "7IJhF8s0e6bdUq4GnCuF8F",
  "sourceOrgName" : "Informatica",
  "exportedObjects" : [ {
    "objectGuid" : "2cakf1klYIKlHcbuJKL3Wt",
    "objectName" : "Horton",
    "objectType" : "Project",
    "path" : "/Explore",
    "metadata" : {
      "modelVersion" : {
        "major" : 0,
        "minor" : 0
      },
      "repoInfo" : null,
      "objectRefs" : [ ],
      "contextAttributes" : [ ],
      "additionalInfo" : {
        "description" : "",
        "contentType" : "Binary",
        "documentState" : "COMPLETE"
      },
      "objectExistence" : "WITHOUT_DEPENDENCIES"
    }
  }, {
    "objectGuid" : "4pkLmGs4uSekM6RHVGFUGo",
    "objectName" : "HDP2",
    "objectType" : "AI_CONNECTION",
    "path" : "/Explore/Horton",
    "metadata" : {
      "modelVersion" : {
        "major" : 1,
        "minor" : 0
      },
      "repoInfo" : {
        "repoHandle" : "K6LlRkPUEbfV3HR-gt-105224-2018-10-02T15:57:16.582Z::conn.xml"
      },
      "objectRefs" : [ ],
      "contextAttributes" : null,
      "additionalInfo" : {
        "description" : "",
        "contentType" : "application/json; charset=utf-8",
        "documentState" : "VALID"
      },
      "objectExistence" : "WITH_DEPENDENCIES"
    }
  }, {
    "objectGuid" : "0ilkNdkcFmglzDc3uBinqt",
    "objectName" : "HDPDDT",
    "objectType" : "AI_CONNECTION",
    "path" : "/Explore/Horton",
    "metadata" : {
      "modelVersion" : {
        "major" : 1,
        "minor" : 0
      },
      "repoInfo" : {
        "repoHandle" : "0gckPaaaaaaaaa-gt-105757-2018-10-02T16:58:14.995Z::conn.xml"
      },
      "objectRefs" : [ ],
      "contextAttributes" : null,
      "additionalInfo" : {
        "description" : "",
        "contentType" : "application/json; charset=utf-8",
        "documentState" : "VALID"
      },
      "objectExistence" : "WITH_DEPENDENCIES"
    }
  }, {
    "objectGuid" : "eGgR5gg1nQQfvBxqLHQZEK",
    "objectName" : "QueryHDPDDT",
    "objectType" : "PROCESS",
    "path" : "/Explore/Horton",
    "metadata" : {
      "modelVersion" : {
        "major" : 1,
        "minor" : 0
      },
      "repoInfo" : {
        "repoHandle" : "W8aabbgdoGsF4Xk-gt-147193-2018-10-02T15:30:39.774Z::pd.xml"
      },
      "objectRefs" : [ "0ilkNdkcFmglzDc3uBinqt" ],
      "contextAttributes" : null,
      "additionalInfo" : {
        "description" : "",
        "contentType" : "application/json; charset=utf-8",
        "documentState" : "VALID"
      },
      "objectExistence" : "WITH_DEPENDENCIES"
    }
  }, {
    "objectGuid" : "6BX6mXpnJ0hhZfvB0ofgsQ",
    "objectName" : "HDPSandbox",
    "objectType" : "AI_CONNECTION",
    "path" : "/Explore/Horton",
    "metadata" : {
      "modelVersion" : {
        "major" : 1,
        "minor" : 0
      },
      "repoInfo" : {
        "repoHandle" : "vD4UEWglH8n55Er-gt-104346-2018-10-02T15:15:12.353Z::conn.xml"
      },
      "objectRefs" : [ ],
      "contextAttributes" : null,
      "additionalInfo" : {
        "description" : "",
        "contentType" : "application/json; charset=utf-8",
        "documentState" : "VALID"
      },
      "objectExistence" : "WITH_DEPENDENCIES"
    }
  }, {
    "objectGuid" : "gQ7k1U6XE68cg2p84390QY",
    "objectName" : "FreeMySQL",
    "objectType" : "AI_CONNECTION",
    "path" : "/Explore/Horton",
    "metadata" : {
      "modelVersion" : {
        "major" : 1,
        "minor" : 0
      },
      "repoInfo" : {
        "repoHandle" : "0dx8AyNnQMMnGbc-gt-147973-2018-10-02T15:53:01.499Z::conn.xml"
      },
      "objectRefs" : [ ],
      "contextAttributes" : null,
      "additionalInfo" : {
        "description" : "",
        "contentType" : "application/json; charset=utf-8",
        "documentState" : "VALID"
      },
      "objectExistence" : "WITH_DEPENDENCIES"
    }
  } ]
}