{"EntryId":{"$t":"0dx8AyNnQMMnGbc-gt-147973-2018-10-02T15:53:01.499Z::conn.xml"},"Name":{"$t":"FreeMySQL"},"MimeType":{"$t":"application\/xml+connection"},"Description":{},"AppliesTo":{},"Tags":{"$t":".agent:STASKOWIN10"},"VersionLabel":{"$t":"1.0"},"State":{"$t":"CURRENT"},"ProcessGroup":{},"CreatedBy":{"$t":"gstasko@UW-POC.edu"},"CreationDate":{"$t":"2018-10-02T15:53:02Z"},"ModifiedBy":{},"PublicationStatus":{"$t":"unpublished"},"AutosaveExists":{"$t":"false"},"Entry":{"connection":{"displayName":"FreeMySQL","label":"FreeMySQL","name":"FreeMySQL","xmlns":"http:\/\/schemas.informatica.com\/socrates\/data-services\/2014\/04\/avosConnections.xsd","xmlns$aetgt":"http:\/\/schemas.active-endpoints.com\/appmodules\/repository\/2010\/10\/avrepository.xsd","description":{},"tags":{"$t":".agent:STASKOWIN10"},"agent":{"$t":"STASKOWIN10"},"attributes":{"attribute":[{"encrypted":"false","name":"JDBC Connection URL","value":"jdbc:mysql:\/\/sql9.freemysqlhosting.net:3306"},{"encrypted":"false","name":"JDBC Jar Directory","value":"C:\/jdbc"},{"encrypted":"false","name":"JDBC Driver Class Name","value":"com.mysql.jdbc.Driver"},{"encrypted":"false","name":"Schema","value":"sql9234714"},{"encrypted":"false","name":"Username","value":"sql9234714"},{"encrypted":"true","name":"Password","value":""},{"encrypted":"false","name":"Object Filter","value":""},{"encrypted":"false","name":"TimeZone","value":"Default"},{"encrypted":"false","name":"$write-Number of retries","value":"5"},{"encrypted":"false","name":"$write-Retry wait period","value":"3"}]},"javaConnector":{"agentOnly":"true","plugin":"ICS","supportsConnectionTest":"true","supportsDataPreview":"true","supportsOData":"true","type":"GenericJDBCAdapter","uuid":"33ec8fc7-dc6d-4d2e-9f6f-a950669a62d1","xmlns":"http:\/\/schemas.informatica.com\/appmodules\/screenflow\/2014\/04\/avosConnectors.xsd","description":{"$t":"JDBC  Generic Cloud Adapter"}}}},"GUID":{"$t":"gQ7k1U6XE68cg2p84390QY"},"DisplayName":{"$t":"FreeMySQL"}}