{"EntryId":{"$t":"K6LlRkPUEbfV3HR-gt-105224-2018-10-02T15:57:16.582Z::conn.xml"},"Name":{"$t":"HDP2"},"MimeType":{"$t":"application\/xml+connection"},"Description":{},"AppliesTo":{},"Tags":{"$t":".agent:STASKOWIN10"},"VersionLabel":{"$t":"1.0"},"State":{"$t":"CURRENT"},"ProcessGroup":{},"CreatedBy":{"$t":"gstasko@UW-POC.edu"},"CreationDate":{"$t":"2018-10-02T15:57:17Z"},"ModifiedBy":{},"PublicationStatus":{"$t":"unpublished"},"AutosaveExists":{"$t":"false"},"Entry":{"connection":{"displayName":"HDP2","label":"HDP2","name":"HDP2","xmlns":"http:\/\/schemas.informatica.com\/socrates\/data-services\/2014\/04\/avosConnections.xsd","xmlns$aetgt":"http:\/\/schemas.active-endpoints.com\/appmodules\/repository\/2010\/10\/avrepository.xsd","description":{},"tags":{"$t":".agent:STASKOWIN10"},"agent":{"$t":"STASKOWIN10"},"attributes":{"attribute":[{"encrypted":"false","name":"JDBC Connection URL","value":"jdbc:hive2:\/\/192.168.86.245:10000"},{"encrypted":"false","name":"JDBC Jar Directory","value":"c:\/jdbc"},{"encrypted":"false","name":"JDBC Driver Class Name","value":"org.apache.hive.jdbc.HiveDriver"},{"encrypted":"false","name":"Schema","value":"foodmart"},{"encrypted":"false","name":"Username","value":"raj_ops"},{"encrypted":"true","name":"Password","value":""},{"encrypted":"false","name":"Object Filter","value":""},{"encrypted":"false","name":"TimeZone","value":"Default"},{"encrypted":"false","name":"$write-Number of retries","value":"5"},{"encrypted":"false","name":"$write-Retry wait period","value":"3"}]},"javaConnector":{"agentOnly":"true","plugin":"ICS","supportsConnectionTest":"true","supportsDataPreview":"true","supportsOData":"true","type":"GenericJDBCAdapter","uuid":"33ec8fc7-dc6d-4d2e-9f6f-a950669a62d1","xmlns":"http:\/\/schemas.informatica.com\/appmodules\/screenflow\/2014\/04\/avosConnectors.xsd","description":{"$t":"JDBC  Generic Cloud Adapter"}}}},"GUID":{"$t":"4pkLmGs4uSekM6RHVGFUGo"},"DisplayName":{"$t":"HDP2"}}