{"EntryId":{"$t":"vD4UEWglH8n55Er-gt-104346-2018-10-02T15:15:12.353Z::conn.xml"},"Name":{"$t":"HDPSandbox"},"MimeType":{"$t":"application\/xml+connection"},"Description":{},"AppliesTo":{},"Tags":{"$t":".agent:STASKOWIN10"},"VersionLabel":{"$t":"1.0"},"State":{"$t":"CURRENT"},"ProcessGroup":{},"CreatedBy":{"$t":"gstasko@UW-POC.edu"},"CreationDate":{"$t":"2018-10-02T15:15:12Z"},"ModifiedBy":{"$t":"gstasko@UW-POC.edu"},"ModificationDate":{"$t":"2018-10-02T15:40:25Z"},"PublicationStatus":{"$t":"unpublished"},"AutosaveExists":{"$t":"false"},"Entry":{"connection":{"displayName":"HDPSandbox","label":"HDPSandbox","name":"HDPSandbox","xmlns":"http:\/\/schemas.informatica.com\/socrates\/data-services\/2014\/04\/avosConnections.xsd","xmlns$aetgt":"http:\/\/schemas.active-endpoints.com\/appmodules\/repository\/2010\/10\/avrepository.xsd","description":{},"tags":{"$t":".agent:STASKOWIN10"},"agent":{"$t":"STASKOWIN10"},"attributes":{"attribute":[{"encrypted":"false","name":"JDBC Connection URL","value":"jdbc:hive2:\/\/192.168.86.245:10000\/"},{"encrypted":"false","name":"JDBC Jar Directory","value":"C:\/jdbc\/"},{"encrypted":"false","name":"JDBC Driver Class Name","value":"org.apache.hive.jdbc.HiveDriver"},{"encrypted":"false","name":"Schema","value":"foodmart"},{"encrypted":"false","name":"Username","value":"blah"},{"encrypted":"true","name":"Password","value":""},{"encrypted":"false","name":"Object Filter","value":""},{"encrypted":"false","name":"TimeZone","value":"America\/Chicago"},{"encrypted":"false","name":"$write-Number of retries","value":"5"},{"encrypted":"false","name":"$write-Retry wait period","value":"3"}]},"javaConnector":{"agentOnly":"true","plugin":"ICS","supportsConnectionTest":"true","supportsDataPreview":"true","supportsOData":"true","type":"GenericJDBCAdapter","uuid":"33ec8fc7-dc6d-4d2e-9f6f-a950669a62d1","xmlns":"http:\/\/schemas.informatica.com\/appmodules\/screenflow\/2014\/04\/avosConnectors.xsd","description":{"$t":"JDBC  Generic Cloud Adapter"}}}},"GUID":{"$t":"6BX6mXpnJ0hhZfvB0ofgsQ"},"DisplayName":{"$t":"HDPSandbox"}}