{"EntryId":{"$t":"BUhtycotFgpKi9z-gt-205130-2018-09-04T00:44:46.444Z::svc.xml"},"Name":{"$t":"Unix_Timestamp_API"},"MimeType":{"$t":"application\/xml+businesssconnector"},"Description":{},"AppliesTo":{},"Tags":{},"VersionLabel":{"$t":"1.0"},"State":{"$t":"CURRENT"},"ProcessGroup":{},"CreatedBy":{"$t":"gstasko@svccon.com"},"CreationDate":{"$t":"2018-09-04T00:44:46Z"},"ModifiedBy":{},"PublicationStatus":{"$t":"published"},"PublishedBy":{"$t":"gstasko@svccon.com"},"PublicationDate":{"$t":"2018-09-04T00:55:37Z"},"PublishedContributionId":{"$t":"project:\/rt.connector\/Unix_Timestamp_API\/Unix_Timestamp_API_svcDef.xml"},"AutosaveExists":{"$t":"false"},"Entry":{"businessConnector":{"agentOnly":"false","debug":"false","displayName":"Unix Timestamp API","label":"","name":"Unix_Timestamp_API","uuid":"15cf2ea7-f539-4d89-b367-71127635b79e","xmlns":"http:\/\/schemas.informatica.com\/socrates\/data-services\/2014\/05\/business-connector-model.xsd","xmlns$aetgt":"http:\/\/schemas.active-endpoints.com\/appmodules\/repository\/2010\/10\/avrepository.xsd","description":{},"tags":{},"connectionAttributes":{"xmlns":"http:\/\/schemas.informatica.com\/appmodules\/screenflow\/2014\/04\/avosConnectors.xsd"},"actions":{"action":{"category":"","failOnError":"true","forSearch":"false","label":"GenerateTimestamp","maxRedirects":"100","name":"GenerateTimestamp","preemptiveAuth":"true","responseEncoding":"","description":{},"input":{},"binding":{"restSimpleBinding":{"multiUsing":"semicolonSeparated","url":"http:\/\/www.convert-unix-time.com\/api","verb":"GET","otherParams":{"otherParam":{"name":"timestamp","$t":"now"}}}},"output":{"field":{"description":"","name":"GeneratedTimestamp","property":"timestamp","type":"int"}}}},"objects":{}}},"GUID":{"$t":"a6Ug9u3iQifcXSyjf69jS3"},"DisplayName":{"$t":"Unix Timestamp API"}}