{"EntryId":{"$t":"PYHSCpwNXHS45bf-gt-205138-2018-09-04T00:44:46.669Z::conn.xml"},"Name":{"$t":"Unix-Timestamp-API-actions"},"ParentFlowIds":{"$t":"5G7MDOp7jvppppp-gt-1429729-2018-09-04T00:44:46.908Z::pd.xml"},"MimeType":{"$t":"application\/xml+connection"},"Description":{},"AppliesTo":{},"Tags":{},"VersionLabel":{"$t":"1.0"},"State":{"$t":"CURRENT"},"ProcessGroup":{},"CreatedBy":{"$t":"gstasko@svccon.com"},"CreationDate":{"$t":"2018-09-04T00:44:47Z"},"ModifiedBy":{},"PublicationStatus":{"$t":"published"},"PublishedBy":{"$t":"gstasko@svccon.com"},"PublicationDate":{"$t":"2018-09-04T00:55:43Z"},"PublishedContributionId":{"$t":"project:\/rt.connection\/Unix-Timestamp-API-actions\/Unix-Timestamp-API-actions.conn.xml"},"AutosaveExists":{"$t":"false"},"Entry":{"connection":{"displayName":"Unix-Timestamp-API-actions","label":"Unix-Timestamp-API-actions","name":"Unix-Timestamp-API-actions","xmlns":"http:\/\/schemas.informatica.com\/socrates\/data-services\/2014\/04\/avosConnections.xsd","xmlns$aetgt":"http:\/\/schemas.active-endpoints.com\/appmodules\/repository\/2010\/10\/avrepository.xsd","description":{},"tags":{},"agent":{},"attributes":{},"businessConnector":{"agentOnly":"false","connectorPath":"project:\/rt.connector\/Unix_Timestamp_API\/Unix_Timestamp_API_svcDef.xml","guid":"a6Ug9u3iQifcXSyjf69jS3","name":"Unix_Timestamp_API","supportsConnectionTest":"false","uuid":"15cf2ea7-f539-4d89-b367-71127635b79e","xmlns":"http:\/\/schemas.informatica.com\/appmodules\/screenflow\/2014\/04\/avosConnectors.xsd","description":{}}}},"GUID":{"$t":"ikJTU4LDGq9l3FLqQvE481"},"DisplayName":{"$t":"Unix-Timestamp-API-actions"}}