{
  "name" : "job-1539570096879",
  "sourceOrgId" : "jfXS1Yt6v0OkJwqp7PEcm7",
  "sourceOrgName" : "Informatica",
  "exportedObjects" : [ {
    "objectGuid" : "g6TLPNjWeIqif98YKsxrYB",
    "objectName" : "Zillow API Services",
    "objectType" : "AI_SERVICE_CONNECTOR",
    "path" : "/Explore/FMLab",
    "metadata" : {
      "modelVersion" : {
        "major" : 1,
        "minor" : 0
      },
      "repoInfo" : {
        "repoHandle" : "1dq2ME9paabdqpw-gt-203771-2018-10-08T19:47:01.485Z::svc.xml"
      },
      "objectRefs" : [ ],
      "contextAttributes" : null,
      "additionalInfo" : {
        "description" : "",
        "contentType" : "application/json; charset=utf-8",
        "documentState" : "VALID"
      }
    }
  }, {
    "objectGuid" : "2m5UcWEXjmmbxrCEKJwnMY",
    "objectName" : "Loan Inquiry",
    "objectType" : "PROCESS",
    "path" : "/Explore/FMLab",
    "metadata" : {
      "modelVersion" : {
        "major" : 1,
        "minor" : 0
      },
      "repoInfo" : {
        "repoHandle" : "WJgki8MZgpDqotx-gt-1695394-2018-10-08T19:47:01.978Z::pd.xml"
      },
      "objectRefs" : [ "3AxqHpjoAWYbUuOgnPVls9", "69hxs8g2XIIkORpGsbkOcg" ],
      "contextAttributes" : null,
      "additionalInfo" : {
        "description" : "",
        "contentType" : "application/json; charset=utf-8",
        "documentState" : "VALID"
      }
    }
  }, {
    "objectGuid" : "1D0UeSZsVO7ikeiqSsSns6",
    "objectName" : "FMLab",
    "objectType" : "Project",
    "path" : "/Explore",
    "metadata" : {
      "modelVersion" : {
        "major" : 0,
        "minor" : 0
      },
      "repoInfo" : null,
      "objectRefs" : [ ],
      "contextAttributes" : [ ],
      "additionalInfo" : {
        "description" : "",
        "contentType" : "Binary",
        "documentState" : "COMPLETE"
      }
    }
  }, {
    "objectGuid" : "3AxqHpjoAWYbUuOgnPVls9",
    "objectName" : "ZillowConnection",
    "objectType" : "AI_CONNECTION",
    "path" : "/Explore/FMLab",
    "metadata" : {
      "modelVersion" : {
        "major" : 1,
        "minor" : 0
      },
      "repoInfo" : {
        "repoHandle" : "UC8WrY1SypmXbeM-gt-1686497-2018-10-08T19:47:01.74Z::conn.xml"
      },
      "objectRefs" : [ "g6TLPNjWeIqif98YKsxrYB" ],
      "contextAttributes" : null,
      "additionalInfo" : {
        "description" : "",
        "contentType" : "application/json; charset=utf-8",
        "documentState" : "VALID"
      }
    }
  }, {
    "objectGuid" : "69hxs8g2XIIkORpGsbkOcg",
    "objectName" : "Salesforce-FreddieMacWorkshop",
    "objectType" : "AI_CONNECTION",
    "path" : "/Explore/FMLab",
    "metadata" : {
      "modelVersion" : {
        "major" : 1,
        "minor" : 0
      },
      "repoInfo" : {
        "repoHandle" : "hIXycotFgpKi9zh-gt-203763-2018-10-08T19:47:01.412Z::conn.xml"
      },
      "objectRefs" : [ ],
      "contextAttributes" : null,
      "additionalInfo" : {
        "description" : "connection to Salesforce org with Loans custom object (related to Accounts)",
        "contentType" : "application/json; charset=utf-8",
        "documentState" : "VALID"
      }
    }
  } ]
}