{"EntryId":{"$t":"WJgki8MZgpDqotx-gt-1695394-2018-10-08T19:47:01.978Z::pd.xml"},"Name":{"$t":"Loan_Inquiry"},"MimeType":{"$t":"application\/xml+process"},"Description":{},"AppliesTo":{},"Tags":{"$t":".anonymous"},"VersionLabel":{"$t":"1.0"},"State":{"$t":"CURRENT"},"ProcessGroup":{},"CreatedBy":{"$t":"freddielabtest"},"CreationDate":{"$t":"2018-10-08T19:47:02Z"},"ModifiedBy":{"$t":"freddielabtest"},"ModificationDate":{"$t":"2018-10-08T20:05:37Z"},"PublicationStatus":{"$t":"published"},"PublishedBy":{"$t":"freddielabtest"},"PublicationDate":{"$t":"2018-10-08T20:05:47Z"},"PublishedContributionId":{"$t":"project:\/spi.Loan_Inquiry\/Loan_Inquiry.pd.xml"},"AutosaveExists":{"$t":"false"},"Entry":{"process":{"displayName":"Loan Inquiry","name":"Loan_Inquiry","xmlns":"http:\/\/schemas.active-endpoints.com\/appmodules\/screenflow\/2010\/10\/avosScreenflow.xsd","xmlns$aetgt":"http:\/\/schemas.active-endpoints.com\/appmodules\/repository\/2010\/10\/avrepository.xsd","xmlns$list":"urn:activevos:spi:list:functions","appliesTo":{},"description":{},"tags":{"$t":".anonymous"},"generator":{"$t":"Informatica Process Designer 9"},"input":{"parameter":{"description":"","name":"LoanID Input","required":"true","type":"string","options":{"option":{"name":"required","$t":"false"}}}},"output":{"field":[{"description":"","name":"Message","type":"string","options":{"option":{"name":"required","$t":"false"}}},{"description":"","name":"Low Valuation","type":"currency","options":{"option":[{"name":"scale","$t":"2"},{"name":"hide_currency_symbol","$t":"false"},{"name":"required","$t":"false"}]}},{"description":"","name":"High Valuation","type":"currency","options":{"option":[{"name":"scale","$t":"2"},{"name":"hide_currency_symbol","$t":"false"},{"name":"required","$t":"false"}]}},{"description":"","name":"ID for Loan in Salesforce","type":"reference","options":{"option":[{"name":"referenceTo","$t":"Salesforce-FreddieMacWorkshop:Loan__c"},{"name":"required","$t":"false"},{"name":"guid","$t":"69hxs8g2XIIkORpGsbkOcg"}]}}]},"notes":{},"deployment":{"suspendOnFault":"false","tracingLevel":"normal","rest":{"allowAnonymousAccess":{}}},"flow":{"id":"a","start":{"id":"b","link":{"id":"jmdjn54p","targetId":"jmdjn54o"}},"assignment":{"id":"jmdjn54o","title":{"$t":"Lookup Loan ID in Salesforce"},"operation":{"source":"query","to":"output.ID for Loan in Salesforce","query":{"from":"Salesforce-FreddieMacWorkshop:Loan__c","where":{"$t":"Loan_ID__c = '{$input.LoanIDInput}'"}}},"link":{"id":"jmgelxff","targetId":"jmgelxfe"}},"container":{"id":"jmgelxfe","type":"exclusive","title":{"$t":"Check if Loan ID was found in Salesforce"},"flow":[{"id":"jmgelxfi","service":{"id":"jmgelxgl","title":{"$t":"Get Property Valuation from Address"},"serviceName":{"$t":"ZillowConnection:Get Property Valuation from Address"},"serviceGUID":{"$t":"3AxqHpjoAWYbUuOgnPVls9"},"serviceInput":{"parameter":[{"name":"address","source":"field","updatable":"true","$t":"output.ID for Loan in Salesforce.Property_Address__c"},{"name":"citystatezip","source":"constant","$t":"{$output.IDforLoaninSalesforce.Property_City__c} {$output.IDforLoaninSalesforce.Property_State__c} "}]},"link":{"id":"jmi6krnh","targetId":"jmi6krng"}},"container":{"id":"jmi6krng","type":"exclusive","title":{"$t":"Was Property found?"},"flow":[{"id":"jmi70c9m","assignment":{"id":"jmi70cah","title":{"$t":"Set Output Message - property info not found"},"operation":{"source":"constant","to":"output.Message","$t":"Property Not Found by Zillow Lookup"},"link":{"id":"jmi70cay","targetId":"jmi70cax"}},"end":{"id":"jmi70cax","title":{"$t":"End 2"}}},{"id":"jmi70c9o","assignment":{"id":"jmuyv2mg","title":{"$t":"Set Output Message - Invalid City\/State"},"operation":{"source":"constant","to":"output.Message","$t":"Invalid City\/State for Zillow lookup"},"link":{"id":"jmuyv2mh","targetId":"jmi70ca9"}},"end":{"id":"jmi70ca9"}},{"id":"jmuyv2m5","assignment":{"id":"jmuyv2m8","title":{"$t":"Put High Valuation, Low Valuation in Output message"},"operation":[{"source":"field","to":"output.High Valuation","$t":"output.Valuation Range High"},{"source":"field","to":"output.Low Valuation","$t":"output.Valuation Range Low"}],"link":{"id":"jn0q2e1z","targetId":"jn0q2e1y"}},"create":{"id":"jn0q2e1y","title":{"$t":"Task"},"entityName":{"$t":"Salesforce-FreddieMacWorkshop:Task"},"createInput":{"parameter":[{"name":"WhatId","source":"field","$t":"output.ID for Loan in Salesforce"},{"name":"Subject","source":"constant","updatable":"true","$t":"Loan Inquiry made by GWS"},{"name":"Status","source":"constant","updatable":"true","$t":"Completed"},{"name":"Description","source":"constant","updatable":"true","$t":"High Valuation is: {infa:format($output.HighValuation, \"#.00\")} "}]},"link":{"id":"jn0q2e20","targetId":"jmuyv2m7"}},"end":{"id":"jmuyv2m7","title":{"$t":"End"}}}],"link":[{"id":"jmi70c9k","targetId":"jmi70c9m","type":"containerLink","condition":{"source":"formula","function":{"name":"string-equals","arg":[{"name":"left","$t":"{$output.Code}"},{"name":"right","$t":"508"}]}}},{"id":"jmi70c9l","targetId":"jmi70c9o","type":"containerLink","condition":{"source":"formula","function":{"name":"string-equals","arg":[{"name":"left","$t":"{$output.Code}"},{"name":"right","$t":"501"}]}}},{"id":"jmuyv2m4","targetId":"jmuyv2m5","type":"containerLink"}]}},{"id":"jmgelxfl","assignment":{"id":"jmgelxfw","title":{"$t":"Set Output Message - Loan Not Found"},"operation":{"source":"constant","to":"output.Message","$t":"Loan ID not found"},"link":{"id":"jmgelxgd","targetId":"jmgelxgc"}},"end":{"id":"jmgelxgc","title":{"$t":"End 1"}}}],"link":[{"id":"jmgelxfh","targetId":"jmgelxfi","type":"containerLink","condition":{"source":"formula","function":{"name":"set","arg":{"name":"field","$t":"{$output.IDforLoaninSalesforce}"}}}},{"id":"jmgelxfk","targetId":"jmgelxfl","type":"containerLink","condition":{"source":"formula","function":{"name":"unset","arg":{"name":"field","$t":"{$output.IDforLoaninSalesforce}"}}}}]}}}},"GUID":{"$t":"2m5UcWEXjmmbxrCEKJwnMY"},"DisplayName":{"$t":"Loan Inquiry"}}