{"EntryId":{"$t":"hIXycotFgpKi9zh-gt-203763-2018-10-08T19:47:01.412Z::conn.xml"},"Name":{"$t":"Salesforce-FreddieMacWorkshop"},"ParentFlowIds":{"$t":"WJgki8MZgpDqotx-gt-1695394-2018-10-08T19:47:01.978Z::pd.xml"},"MimeType":{"$t":"application\/xml+connection"},"Description":{"$t":"connection to Salesforce org with Loans custom object (related to Accounts)"},"AppliesTo":{},"Tags":{},"VersionLabel":{"$t":"1.0"},"State":{"$t":"CURRENT"},"ProcessGroup":{},"CreatedBy":{"$t":"freddielabtest"},"CreationDate":{"$t":"2018-10-08T19:47:01Z"},"ModifiedBy":{"$t":"freddielabtest"},"ModificationDate":{"$t":"2018-10-08T19:52:30Z"},"PublicationStatus":{"$t":"published"},"PublishedBy":{"$t":"freddielabtest"},"PublicationDate":{"$t":"2018-10-08T19:53:05Z"},"PublishedContributionId":{"$t":"project:\/rt.connection\/Salesforce-FreddieMacWorkshop\/Salesforce-FreddieMacWorkshop.conn.xml"},"AutosaveExists":{"$t":"false"},"Entry":{"connection":{"displayName":"Salesforce-FreddieMacWorkshop","label":"Salesforce-FreddieMacWorkshop","name":"Salesforce-FreddieMacWorkshop","xmlns":"http:\/\/schemas.informatica.com\/socrates\/data-services\/2014\/04\/avosConnections.xsd","xmlns$aetgt":"http:\/\/schemas.active-endpoints.com\/appmodules\/repository\/2010\/10\/avrepository.xsd","description":{"$t":"connection to Salesforce org with Loans custom object (related to Accounts)"},"tags":{},"agent":{},"attributes":{},"soaConnector":{"connectorPath":"project:\/com.activevos.cumulus.cloud.extend.playbook.configuration\/config\/sfConnector.xml","name":"Salesforce","supportsConnectionTest":"true","supportsOData":"true","uuid":"05fc48f1-e6e1-441b-b700-bac396ca2ed1","xmlns":"http:\/\/schemas.informatica.com\/appmodules\/screenflow\/2014\/04\/avosConnectors.xsd","description":{"$t":"Salesforce.com SOA based data connector."}},"odata":{"enabled":{"$t":"true"},"allowedUsers":{"user":{"$t":"eric@iicstrialtest.com"}}},"authentication":{"type":"$infa_basicform","attributes":{"attribute":[{"encrypted":"false","name":"username","value":"api-user2@ics-demo.org"},{"encrypted":"true","name":"password","value":""},{"encrypted":"true","name":"token","value":""},{"encrypted":"false","name":"serviceUrl","value":"https:\/\/login.salesforce.com\/services\/Soap\/c\/40.0"}]}}}},"GUID":{"$t":"69hxs8g2XIIkORpGsbkOcg"},"DisplayName":{"$t":"Salesforce-FreddieMacWorkshop"}}