{"EntryId":{"$t":"UC8WrY1SypmXbeM-gt-1686497-2018-10-08T19:47:01.74Z::conn.xml"},"Name":{"$t":"ZillowConnection"},"ParentFlowIds":{"$t":"WJgki8MZgpDqotx-gt-1695394-2018-10-08T19:47:01.978Z::pd.xml"},"MimeType":{"$t":"application\/xml+connection"},"Description":{},"AppliesTo":{},"Tags":{},"VersionLabel":{"$t":"1.0"},"State":{"$t":"CURRENT"},"ProcessGroup":{},"CreatedBy":{"$t":"freddielabtest"},"CreationDate":{"$t":"2018-10-08T19:47:02Z"},"ModifiedBy":{},"PublicationStatus":{"$t":"published"},"PublishedBy":{"$t":"freddielabtest"},"PublicationDate":{"$t":"2018-10-08T19:51:44Z"},"PublishedContributionId":{"$t":"project:\/rt.connection\/ZillowConnection\/ZillowConnection.conn.xml"},"AutosaveExists":{"$t":"false"},"Entry":{"connection":{"displayName":"ZillowConnection","label":"ZillowConnection","name":"ZillowConnection","xmlns":"http:\/\/schemas.informatica.com\/socrates\/data-services\/2014\/04\/avosConnections.xsd","xmlns$aetgt":"http:\/\/schemas.active-endpoints.com\/appmodules\/repository\/2010\/10\/avrepository.xsd","description":{},"tags":{},"agent":{},"attributes":{},"businessConnector":{"agentOnly":"false","connectorPath":"project:\/rt.connector\/Zillow_API_Services\/Zillow_API_Services_svcDef.xml","guid":"g6TLPNjWeIqif98YKsxrYB","name":"Zillow_API_Services","supportsConnectionTest":"false","uuid":"446e73c3-726a-490c-974b-4c361ec82d34","xmlns":"http:\/\/schemas.informatica.com\/appmodules\/screenflow\/2014\/04\/avosConnectors.xsd","description":{}}}},"GUID":{"$t":"3AxqHpjoAWYbUuOgnPVls9"},"DisplayName":{"$t":"ZillowConnection"}}