{"EntryId":{"$t":"1dq2ME9paabdqpw-gt-203771-2018-10-08T19:47:01.485Z::svc.xml"},"Name":{"$t":"Zillow_API_Services"},"MimeType":{"$t":"application\/xml+businesssconnector"},"Description":{},"AppliesTo":{},"Tags":{},"VersionLabel":{"$t":"1.0"},"State":{"$t":"CURRENT"},"ProcessGroup":{},"CreatedBy":{"$t":"freddielabtest"},"CreationDate":{"$t":"2018-10-08T19:47:01Z"},"ModifiedBy":{},"PublicationStatus":{"$t":"published"},"PublishedBy":{"$t":"freddielabtest"},"PublicationDate":{"$t":"2018-10-08T19:51:18Z"},"PublishedContributionId":{"$t":"project:\/rt.connector\/Zillow_API_Services\/Zillow_API_Services_svcDef.xml"},"AutosaveExists":{"$t":"false"},"Entry":{"businessConnector":{"agentOnly":"false","debug":"false","displayName":"Zillow API Services","label":"","name":"Zillow_API_Services","uuid":"446e73c3-726a-490c-974b-4c361ec82d34","xmlns":"http:\/\/schemas.informatica.com\/socrates\/data-services\/2014\/05\/business-connector-model.xsd","xmlns$aetgt":"http:\/\/schemas.active-endpoints.com\/appmodules\/repository\/2010\/10\/avrepository.xsd","description":{},"tags":{},"connectionAttributes":{"xmlns":"http:\/\/schemas.informatica.com\/appmodules\/screenflow\/2014\/04\/avosConnectors.xsd"},"actions":{"action":{"category":"","failOnError":"false","forSearch":"false","label":"Get Property Valuation from Address","maxRedirects":"100","name":"Get Property Valuation from Address","preemptiveAuth":"true","responseEncoding":"","description":{},"input":{"parameter":[{"label":"Street Address","name":"address","required":"true","testWith":"2114 Bigelow Ave","type":"string"},{"label":"City State Zip","name":"citystatezip","required":"true","testWith":"Seattle WA","type":"string"}]},"binding":{"restSimpleBinding":{"multiUsing":"semicolonSeparated","url":"http:\/\/www.zillow.com\/webservice\/GetSearchResults.htm","verb":"GET","otherParams":{"otherParam":{"name":"zws-id","$t":"X1-ZWz1gnrdzr5p1n_6y17p"}}}},"output":{"field":[{"description":"","name":"Valuation Range Low","property":"low","type":"currency"},{"description":"","name":"Valuation Range High","property":"high","type":"currency"},{"description":"","name":"Code","property":"code","type":"string"}]}}},"objects":{"processObject":[{"isByCopy":"true","name":"searchresults","xmlns":"http:\/\/schemas.active-endpoints.com\/appmodules\/screenflow\/2011\/06\/avosHostEnvironment.xsd","description":{"$t":"An automatically generated process object"},"detail":{"field":[{"name":"schemaLocation","type":"string"},{"name":"request","type":"reference","options":{"option":[{"name":"referenceTo","$t":"request"},{"name":"relationshipName","$t":"Child"}]}},{"name":"message","type":"reference","options":{"option":[{"name":"referenceTo","$t":"message"},{"name":"relationshipName","$t":"Child"}]}},{"name":"response","type":"reference","options":{"option":[{"name":"referenceTo","$t":"response"},{"name":"relationshipName","$t":"Child"}]}}]}},{"isByCopy":"true","name":"request","xmlns":"http:\/\/schemas.active-endpoints.com\/appmodules\/screenflow\/2011\/06\/avosHostEnvironment.xsd","description":{"$t":"An automatically generated process object"},"detail":{"field":[{"name":"address","type":"string"},{"name":"citystatezip","type":"string"}]}},{"isByCopy":"true","name":"message","xmlns":"http:\/\/schemas.active-endpoints.com\/appmodules\/screenflow\/2011\/06\/avosHostEnvironment.xsd","description":{"$t":"An automatically generated process object"},"detail":{"field":[{"name":"text","type":"string"},{"name":"code","type":"int"}]}},{"isByCopy":"true","name":"response","xmlns":"http:\/\/schemas.active-endpoints.com\/appmodules\/screenflow\/2011\/06\/avosHostEnvironment.xsd","description":{"$t":"An automatically generated process object"},"detail":{"field":{"name":"results","type":"reference","options":{"option":[{"name":"referenceTo","$t":"results"},{"name":"relationshipName","$t":"Child"}]}}}},{"isByCopy":"true","name":"results","xmlns":"http:\/\/schemas.active-endpoints.com\/appmodules\/screenflow\/2011\/06\/avosHostEnvironment.xsd","description":{"$t":"An automatically generated process object"},"detail":{"field":{"name":"result","type":"reference","options":{"option":[{"name":"referenceTo","$t":"result"},{"name":"relationshipName","$t":"Child"}]}}}},{"isByCopy":"true","name":"result","xmlns":"http:\/\/schemas.active-endpoints.com\/appmodules\/screenflow\/2011\/06\/avosHostEnvironment.xsd","description":{"$t":"An automatically generated process object"},"detail":{"field":[{"name":"zpid","type":"int"},{"name":"links","type":"reference","options":{"option":[{"name":"referenceTo","$t":"links"},{"name":"relationshipName","$t":"Child"}]}},{"name":"address","type":"reference","options":{"option":[{"name":"referenceTo","$t":"address"},{"name":"relationshipName","$t":"Child"}]}},{"name":"zestimate","type":"reference","options":{"option":[{"name":"referenceTo","$t":"zestimate"},{"name":"relationshipName","$t":"Child"}]}},{"name":"localRealEstate","type":"reference","options":{"option":[{"name":"referenceTo","$t":"localRealEstate"},{"name":"relationshipName","$t":"Child"}]}}]}},{"isByCopy":"true","name":"links","xmlns":"http:\/\/schemas.active-endpoints.com\/appmodules\/screenflow\/2011\/06\/avosHostEnvironment.xsd","description":{"$t":"An automatically generated process object"},"detail":{"field":[{"name":"homedetails","type":"string"},{"name":"graphsanddata","type":"string"},{"name":"mapthishome","type":"string"},{"name":"comparables","type":"string"}]}},{"isByCopy":"true","name":"address","xmlns":"http:\/\/schemas.active-endpoints.com\/appmodules\/screenflow\/2011\/06\/avosHostEnvironment.xsd","description":{"$t":"An automatically generated process object"},"detail":{"field":[{"name":"street","type":"string"},{"name":"zipcode","type":"int"},{"name":"city","type":"string"},{"name":"state","type":"string"},{"name":"latitude","type":"double"},{"name":"longitude","type":"double"}]}},{"isByCopy":"true","name":"zestimate","xmlns":"http:\/\/schemas.active-endpoints.com\/appmodules\/screenflow\/2011\/06\/avosHostEnvironment.xsd","description":{"$t":"An automatically generated process object"},"detail":{"field":[{"name":"amount","type":"reference","options":{"option":[{"name":"referenceTo","$t":"amount"},{"name":"relationshipName","$t":"Child"}]}},{"name":"last-updated","type":"string"},{"name":"oneWeekChange","type":"reference","options":{"option":[{"name":"referenceTo","$t":"oneWeekChange"},{"name":"relationshipName","$t":"Child"}]}},{"name":"valueChange","type":"reference","options":{"option":[{"name":"referenceTo","$t":"valueChange"},{"name":"relationshipName","$t":"Child"}]}},{"name":"valuationRange","type":"reference","options":{"option":[{"name":"referenceTo","$t":"valuationRange"},{"name":"relationshipName","$t":"Child"}]}},{"name":"percentile","type":"int"}]}},{"isByCopy":"true","name":"amount","xmlns":"http:\/\/schemas.active-endpoints.com\/appmodules\/screenflow\/2011\/06\/avosHostEnvironment.xsd","description":{"$t":"An automatically generated process object"},"detail":{"field":[{"name":"currency","type":"string"},{"name":"text","type":"int"}]}},{"isByCopy":"true","name":"oneWeekChange","xmlns":"http:\/\/schemas.active-endpoints.com\/appmodules\/screenflow\/2011\/06\/avosHostEnvironment.xsd","description":{"$t":"An automatically generated process object"},"detail":{"field":{"name":"deprecated","type":"string"}}},{"isByCopy":"true","name":"valueChange","xmlns":"http:\/\/schemas.active-endpoints.com\/appmodules\/screenflow\/2011\/06\/avosHostEnvironment.xsd","description":{"$t":"An automatically generated process object"},"detail":{"field":[{"name":"currency","type":"string"},{"name":"duration","type":"int"},{"name":"text","type":"int"}]}},{"isByCopy":"true","name":"valuationRange","xmlns":"http:\/\/schemas.active-endpoints.com\/appmodules\/screenflow\/2011\/06\/avosHostEnvironment.xsd","description":{"$t":"An automatically generated process object"},"detail":{"field":[{"name":"low","type":"reference","options":{"option":[{"name":"referenceTo","$t":"low"},{"name":"relationshipName","$t":"Child"}]}},{"name":"high","type":"reference","options":{"option":[{"name":"referenceTo","$t":"high"},{"name":"relationshipName","$t":"Child"}]}}]}},{"isByCopy":"true","name":"low","xmlns":"http:\/\/schemas.active-endpoints.com\/appmodules\/screenflow\/2011\/06\/avosHostEnvironment.xsd","description":{"$t":"An automatically generated process object"},"detail":{"field":[{"name":"currency","type":"string"},{"name":"text","type":"int"}]}},{"isByCopy":"true","name":"high","xmlns":"http:\/\/schemas.active-endpoints.com\/appmodules\/screenflow\/2011\/06\/avosHostEnvironment.xsd","description":{"$t":"An automatically generated process object"},"detail":{"field":[{"name":"currency","type":"string"},{"name":"text","type":"int"}]}},{"isByCopy":"true","name":"localRealEstate","xmlns":"http:\/\/schemas.active-endpoints.com\/appmodules\/screenflow\/2011\/06\/avosHostEnvironment.xsd","description":{"$t":"An automatically generated process object"},"detail":{"field":{"name":"region","type":"reference","options":{"option":[{"name":"referenceTo","$t":"region"},{"name":"relationshipName","$t":"Child"}]}}}},{"isByCopy":"true","name":"region","xmlns":"http:\/\/schemas.active-endpoints.com\/appmodules\/screenflow\/2011\/06\/avosHostEnvironment.xsd","description":{"$t":"An automatically generated process object"},"detail":{"field":[{"name":"id","type":"int"},{"name":"name","type":"string"},{"name":"type","type":"string"},{"name":"zindexValue","type":"string"},{"name":"links","type":"reference","options":{"option":[{"name":"referenceTo","$t":"links"},{"name":"relationshipName","$t":"Child"}]}}]}}]}}},"GUID":{"$t":"g6TLPNjWeIqif98YKsxrYB"},"DisplayName":{"$t":"Zillow API Services"}}