<aetgt:getResponse xmlns:aetgt="http://schemas.active-endpoints.com/appmodules/repository/2010/10/avrepository.xsd"
                   xmlns:types1="http://schemas.active-endpoints.com/appmodules/repository/2010/10/avrepository.xsd">
   <types1:Item>
      <types1:EntryId>hIXycotFgpKi9zh-gt-203763-2018-10-08T19:47:01.412Z::conn.xml</types1:EntryId>
      <types1:Name>Salesforce-FreddieMacWorkshop</types1:Name>
      <types1:ParentFlowIds>WJgki8MZgpDqotx-gt-1695394-2018-10-08T19:47:01.978Z::pd.xml</types1:ParentFlowIds>
      <types1:MimeType>application/xml+connection</types1:MimeType>
      <types1:Description>connection to Salesforce org with Loans custom object (related to Accounts)</types1:Description>
      <types1:AppliesTo/>
      <types1:Tags/>
      <types1:VersionLabel>1.0</types1:VersionLabel>
      <types1:State>CURRENT</types1:State>
      <types1:ProcessGroup/>
      <types1:CreatedBy>freddielabtest</types1:CreatedBy>
      <types1:CreationDate>2018-10-08T19:47:01Z</types1:CreationDate>
      <types1:ModifiedBy>freddielabtest</types1:ModifiedBy>
      <types1:ModificationDate>2018-10-08T19:52:30Z</types1:ModificationDate>
      <types1:PublicationStatus>published</types1:PublicationStatus>
      <types1:PublishedBy>freddielabtest</types1:PublishedBy>
      <types1:PublicationDate>2018-10-08T19:53:05Z</types1:PublicationDate>
      <types1:PublishedContributionId>project:/rt.connection/Salesforce-FreddieMacWorkshop/Salesforce-FreddieMacWorkshop.conn.xml</types1:PublishedContributionId>
      <types1:AutosaveExists>false</types1:AutosaveExists>
      <types1:Entry>
         <connection xmlns="http://schemas.informatica.com/socrates/data-services/2014/04/avosConnections.xsd"
                     displayName="Salesforce-FreddieMacWorkshop"
                     label="Salesforce-FreddieMacWorkshop"
                     name="Salesforce-FreddieMacWorkshop">
            <description>connection to Salesforce org with Loans custom object (related to Accounts)</description>
            <tags/>
            <agent/>
            <attributes/>
            <soaConnector xmlns="http://schemas.informatica.com/appmodules/screenflow/2014/04/avosConnectors.xsd"
                          connectorPath="project:/com.activevos.cumulus.cloud.extend.playbook.configuration/config/sfConnector.xml"
                          name="Salesforce"
                          supportsConnectionTest="true"
                          supportsOData="true"
                          uuid="05fc48f1-e6e1-441b-b700-bac396ca2ed1">
               <description>Salesforce.com SOA based data connector.</description>
            </soaConnector>
            <odata>
               <enabled>true</enabled>
               <allowedUsers>
                  <user>eric@iicstrialtest.com</user>
               </allowedUsers>
            </odata>
            <authentication type="$infa_basicform">
               <attributes>
                  <attribute encrypted="false" name="username" value="api-user2@ics-demo.org"/>
                  <attribute encrypted="true" name="password" value=""/>
                  <attribute encrypted="true" name="token" value=""/>
                  <attribute encrypted="false"
                             name="serviceUrl"
                             value="https://login.salesforce.com/services/Soap/c/40.0"/>
               </attributes>
            </authentication>
         </connection>
      </types1:Entry>
      <types1:GUID>69hxs8g2XIIkORpGsbkOcg</types1:GUID>
      <types1:DisplayName>Salesforce-FreddieMacWorkshop</types1:DisplayName>
   </types1:Item>
   <types1:CurrentServerDateTime>2018-10-15T02:21:37.532Z</types1:CurrentServerDateTime>
</aetgt:getResponse>
