{
  "name" : "job-1539369584273",
  "sourceOrgId" : "aDdeKzHZEoQdwATn5hMqI8",
  "sourceOrgName" : "CAI Service Connectors",
  "exportedObjects" : [ {
    "objectGuid" : "3P54JnM7d5PkrXtxOHIPG4",
    "objectName" : "Timestamp",
    "objectType" : "Project",
    "path" : "/Explore",
    "metadata" : {
      "modelVersion" : {
        "major" : 0,
        "minor" : 0
      },
      "repoInfo" : null,
      "objectRefs" : [ ],
      "contextAttributes" : [ ],
      "additionalInfo" : {
        "description" : "",
        "contentType" : "Binary",
        "documentState" : "COMPLETE"
      },
      "objectExistence" : "WITHOUT_DEPENDENCIES"
    }
  }, {
    "objectGuid" : "8m9w7RfgvnMe17hS96HTmF",
    "objectName" : "Generate an ID from unix Timestamp",
    "objectType" : "PROCESS",
    "path" : "/Explore/Timestamp",
    "metadata" : {
      "modelVersion" : {
        "major" : 1,
        "minor" : 0
      },
      "repoInfo" : {
        "repoHandle" : "5G7MDOp7jvppppp-gt-1429729-2018-09-04T00:44:46.908Z::pd.xml"
      },
      "objectRefs" : [ "ikJTU4LDGq9l3FLqQvE481" ],
      "contextAttributes" : null,
      "additionalInfo" : {
        "description" : "",
        "contentType" : "Binary",
        "documentState" : "VALID"
      },
      "objectExistence" : "WITH_DEPENDENCIES"
    }
  }, {
    "objectGuid" : "a6Ug9u3iQifcXSyjf69jS3",
    "objectName" : "Unix Timestamp API",
    "objectType" : "AI_SERVICE_CONNECTOR",
    "path" : "/Explore/Timestamp",
    "metadata" : {
      "modelVersion" : {
        "major" : 1,
        "minor" : 0
      },
      "repoInfo" : {
        "repoHandle" : "BUhtycotFgpKi9z-gt-205130-2018-09-04T00:44:46.444Z::svc.xml"
      },
      "objectRefs" : [ ],
      "contextAttributes" : null,
      "additionalInfo" : {
        "description" : "",
        "contentType" : "Binary",
        "documentState" : "VALID"
      },
      "objectExistence" : "WITH_DEPENDENCIES"
    }
  }, {
    "objectGuid" : "ikJTU4LDGq9l3FLqQvE481",
    "objectName" : "Unix-Timestamp-API-actions",
    "objectType" : "AI_CONNECTION",
    "path" : "/Explore/Timestamp",
    "metadata" : {
      "modelVersion" : {
        "major" : 1,
        "minor" : 0
      },
      "repoInfo" : {
        "repoHandle" : "PYHSCpwNXHS45bf-gt-205138-2018-09-04T00:44:46.669Z::conn.xml"
      },
      "objectRefs" : [ "a6Ug9u3iQifcXSyjf69jS3" ],
      "contextAttributes" : null,
      "additionalInfo" : {
        "description" : "",
        "contentType" : "Binary",
        "documentState" : "VALID"
      },
      "objectExistence" : "WITH_DEPENDENCIES"
    }
  } ]
}