{"EntryId":{"$t":"Laa-gt-389518-2018-08-14T19:34:29.608Z::conn.xml"},"Name":{"$t":"Marketo-Authentication-API-actions-1"},"ParentFlowIds":{"$t":"rtRuImXycotFgpK-gt-54542-2018-08-14T19:34:31.288Z::pd.xml,oHXbeKLUaaaaabb-gt-54532-2018-08-14T19:34:31.235Z::pd.xml"},"MimeType":{"$t":"application\/xml+connection"},"Description":{"$t":"Actions for Marketo Authentication API. \n\nYou need to supply a value for \"hostName\" below.\n<Your Munchkin ID>.mktorest.com"},"AppliesTo":{},"Tags":{},"VersionLabel":{"$t":"1.0"},"State":{"$t":"CURRENT"},"ProcessGroup":{},"CreatedBy":{"$t":"gstasko@svccon.com"},"CreationDate":{"$t":"2018-08-14T19:34:30Z"},"ModifiedBy":{"$t":"gstasko@svccon.com"},"ModificationDate":{"$t":"2018-08-14T21:25:24Z"},"PublicationStatus":{"$t":"unpublished"},"AutosaveExists":{"$t":"false"},"Entry":{"connection":{"displayName":"Marketo-Authentication-API-actions","label":"Marketo-Authentication-API-actions-1","name":"Marketo-Authentication-API-actions-1","xmlns":"http:\/\/schemas.informatica.com\/socrates\/data-services\/2014\/04\/avosConnections.xsd","xmlns$aetgt":"http:\/\/schemas.active-endpoints.com\/appmodules\/repository\/2010\/10\/avrepository.xsd","description":{"$t":"Actions for Marketo Authentication API. \n\nYou need to supply a value for \"hostName\" below.\n<Your Munchkin ID>.mktorest.com"},"tags":{},"agent":{},"attributes":{"attribute":{"encrypted":"false","name":"hostName","value":"462-VKM-148.mktorest.com"}},"businessConnector":{"agentOnly":"false","connectorPath":"project:\/rt.connector\/Marketo_Authentication_API\/Marketo_Authentication_API_svcDef.xml","name":"Marketo_Authentication_API","supportsConnectionTest":"false","uuid":"00efc26b-385d-46d7-bcfc-6dc3a49bf554","xmlns":"http:\/\/schemas.informatica.com\/appmodules\/screenflow\/2014\/04\/avosConnectors.xsd","description":{"$t":"Marketo REST API that gets tokens for subsequent interactions.  "}}}},"GUID":{"$t":"gHaNbW5ESmziYZ2phzGved"},"DisplayName":{"$t":"Marketo-Authentication-API-actions"}}