{"EntryId":{"$t":"OQoVVVVVVVVVVVV-gt-389526-2018-08-14T19:34:29.653Z::svc.xml"},"Name":{"$t":"Marketo_Authentication_API-1"},"MimeType":{"$t":"application\/xml+businesssconnector"},"Description":{"$t":"Marketo REST API that gets tokens for subsequent interactions."},"AppliesTo":{},"Tags":{"$t":"Identity"},"VersionLabel":{"$t":"1.0"},"State":{"$t":"CURRENT"},"ProcessGroup":{},"CreatedBy":{"$t":"gstasko@svccon.com"},"CreationDate":{"$t":"2018-08-14T19:34:30Z"},"ModifiedBy":{},"PublicationStatus":{"$t":"published"},"PublishedBy":{"$t":"gstasko@svccon.com"},"PublicationDate":{"$t":"2018-08-14T21:24:43Z"},"PublishedContributionId":{"$t":"project:\/rt.connector\/Marketo_Authentication_API_1\/Marketo_Authentication_API_1_svcDef.xml"},"AutosaveExists":{"$t":"false"},"Entry":{"businessConnector":{"agentOnly":"false","debug":"false","displayName":"Marketo Authentication API","label":"","name":"Marketo_Authentication_API-1","uuid":"00efc26b-385d-46d7-bcfc-6dc3a49bf554","xmlns":"http:\/\/schemas.informatica.com\/socrates\/data-services\/2014\/05\/business-connector-model.xsd","xmlns$aetgt":"http:\/\/schemas.active-endpoints.com\/appmodules\/repository\/2010\/10\/avrepository.xsd","description":{"$t":"Marketo REST API that gets tokens for subsequent interactions. "},"tags":{"$t":"Identity"},"connectionAttributes":{"xmlns":"http:\/\/schemas.informatica.com\/appmodules\/screenflow\/2014\/04\/avosConnectors.xsd","connectionAttribute":{"description":"Host Name","masked":"false","name":"hostName","required":"true","testWith":"","type":"string"}},"actions":{"action":{"category":"Identity","failOnError":"true","forSearch":"false","label":"identityUsingGET","maxRedirects":"100","name":"identityUsingGET","preemptiveAuth":"true","responseEncoding":"","description":{"$t":"Identity. Retrieve an access token from Marketo."},"input":{"parameter":[{"description":"Client ID from Admin > Integration > Launchpoint menu.","label":"client_id","name":"client_id","required":"true","testWith":"96bf3330-bccf-414e-85bb-b0a7647a09d5","type":"string"},{"description":"Client Secret from Admin > Integration > Launchpoint menu.","label":"client_secret","name":"client_secret","required":"true","testWith":"L7Ol82tM2bGm7ji07sptB08Nq6bw7ac2","type":"string"},{"description":"Grant type.","label":"grant_type","name":"grant_type","required":"true","testWith":"client_credentials","type":"picklist","options":{"option":{"name":"values","$t":"[{\"value\":\"client_credentials\",\"label\":\"client_credentials\"}]"}}},{"description":"LaunchPoint Technology Partner <a href='http:\/\/developers.marketo.com\/support\/Marketo_LaunchPoint_Technology_Partner_API_Key.pdf'>API Key<\/a>.","label":"partner_id","name":"partner_id","required":"false","testWith":"","type":"string"}]},"binding":{"restSimpleBinding":{"multiUsing":"semicolonSeparated","url":"https:\/\/{$hostName}\/\/identity\/oauth\/token","verb":"GET","httpHeaders":{"header":[{"name":"Content-Type","$t":"application\/json"},{"name":"Accept","$t":"application\/json"}]}}},"output":{"field":[{"description":"","name":"status","responseStatusCode":"true","type":"string"},{"description":"","name":"access_token","property":"access_token","type":"string"},{"description":"","name":"scope","property":"scope","type":"string"},{"description":"","name":"expires_in","property":"expires_in","type":"string"},{"description":"","name":"token_type","property":"token_type","type":"string"},{"description":"","entireResponse":"true","name":"response","type":"string"}]}}},"objects":{"processObject":[{"isByCopy":"true","name":"string","xmlns":"http:\/\/schemas.active-endpoints.com\/appmodules\/screenflow\/2011\/06\/avosHostEnvironment.xsd","description":{},"detail":{"field":{"name":"string","type":"string"}}},{"isByCopy":"true","name":"boolean","xmlns":"http:\/\/schemas.active-endpoints.com\/appmodules\/screenflow\/2011\/06\/avosHostEnvironment.xsd","description":{},"detail":{"field":{"name":"boolean","type":"boolean"}}},{"isByCopy":"true","name":"double","xmlns":"http:\/\/schemas.active-endpoints.com\/appmodules\/screenflow\/2011\/06\/avosHostEnvironment.xsd","description":{},"detail":{"field":{"name":"double","type":"double"}}},{"isByCopy":"true","name":"integer","xmlns":"http:\/\/schemas.active-endpoints.com\/appmodules\/screenflow\/2011\/06\/avosHostEnvironment.xsd","description":{},"detail":{"field":{"name":"integer","type":"int"}}}]}}},"GUID":{"$t":"36E798zRGzxjuakJcNBJUi"},"DisplayName":{"$t":"Marketo Authentication API"}}