{"EntryId":{"$t":"5i4rswVYx8R8WrY-gt-54522-2018-08-14T19:34:30.906Z::conn.xml"},"Name":{"$t":"Marketo-Asset-API-actions-1"},"ParentFlowIds":{"$t":"oHXbeKLUaaaaabb-gt-54532-2018-08-14T19:34:31.235Z::pd.xml"},"MimeType":{"$t":"application\/xml+connection"},"Description":{"$t":"Actions for Marketo Asset API"},"AppliesTo":{},"Tags":{},"VersionLabel":{"$t":"1.0"},"State":{"$t":"CURRENT"},"ProcessGroup":{},"CreatedBy":{"$t":"gstasko@svccon.com"},"CreationDate":{"$t":"2018-08-14T19:34:31Z"},"ModifiedBy":{},"PublicationStatus":{"$t":"unpublished"},"AutosaveExists":{"$t":"false"},"Entry":{"connection":{"displayName":"Marketo-Asset-API-actions","label":"Marketo-Asset-API-actions","name":"Marketo-Asset-API-actions-1","xmlns":"http:\/\/schemas.informatica.com\/socrates\/data-services\/2014\/04\/avosConnections.xsd","xmlns$aetgt":"http:\/\/schemas.active-endpoints.com\/appmodules\/repository\/2010\/10\/avrepository.xsd","description":{"$t":"Actions for Marketo Asset API"},"tags":{},"agent":{},"attributes":{"attribute":{"encrypted":"false","name":"hostName","value":"462-VKM-148.mktorest.com"}},"businessConnector":{"agentOnly":"false","connectorPath":"project:\/rt.connector\/Marketo_Asset_API\/Marketo_Asset_API_svcDef.xml","guid":"2yBkbp7ZSgth6gPy2Vxj2A","name":"Marketo_Asset_API","supportsConnectionTest":"false","uuid":"046fbbd4-7193-4dc6-9260-abb1466f3cb7","xmlns":"http:\/\/schemas.informatica.com\/appmodules\/screenflow\/2014\/04\/avosConnectors.xsd","description":{"$t":"Marketo REST API which relies upon token from Authentication API call."}}}},"GUID":{"$t":"8q1dsQXUkY9g3qmImmk8Cb"},"DisplayName":{"$t":"Marketo-Asset-API-actions"}}