{"EntryId":{"$t":"oBL2BX9cjIw8jIw-gt-2500206-2018-10-12T18:36:54.233Z::pd.xml"},"Name":{"$t":"Retrieve_ERP_Data"},"MimeType":{"$t":"application\/xml+process"},"Description":{"$t":"This is a process to have in a project that we're exporting to Git and retrieving from Git."},"AppliesTo":{},"Tags":{},"VersionLabel":{"$t":"1.0"},"State":{"$t":"CURRENT"},"ProcessGroup":{},"CreatedBy":{"$t":"gstasko@UW-POC.edu"},"CreationDate":{"$t":"2018-10-12T18:36:54Z"},"ModifiedBy":{"$t":"gstasko@UW-POC.edu"},"ModificationDate":{"$t":"2018-10-12T18:41:43Z"},"PublicationStatus":{"$t":"unpublished"},"AutosaveExists":{"$t":"false"},"Entry":{"process":{"displayName":"Retrieve ERP Data","name":"Retrieve_ERP_Data","xmlns":"http:\/\/schemas.active-endpoints.com\/appmodules\/screenflow\/2010\/10\/avosScreenflow.xsd","xmlns$aetgt":"http:\/\/schemas.active-endpoints.com\/appmodules\/repository\/2010\/10\/avrepository.xsd","xmlns$list":"urn:activevos:spi:list:functions","appliesTo":{},"description":{"$t":"This is a process to have in a project that we're exporting to Git and retrieving from Git."},"tags":{},"generator":{"$t":"Informatica Process Designer 9"},"input":{"parameter":[{"description":"","name":"LName","type":"string","options":{"option":{"name":"required","$t":"false"}}},{"description":"","name":"FName","type":"string","options":{"option":{"name":"required","$t":"false"}}}]},"notes":{},"deployment":{"suspendOnFault":"false","tracingLevel":"none","rest":{}},"flow":{"id":"a","start":{"id":"b","link":{"id":"link1","targetId":"c"}},"end":{"id":"c"}}}},"GUID":{"$t":"07AAVidHHlrlBVKJfIkB0m"},"DisplayName":{"$t":"Retrieve ERP Data"}}