{"EntryId":{"$t":"0gckPaaaaaaaaa-gt-105757-2018-10-02T16:58:14.995Z::conn.xml"},"Name":{"$t":"HDPDDT"},"ParentFlowIds":{"$t":"W8aabbgdoGsF4Xk-gt-147193-2018-10-02T15:30:39.774Z::pd.xml"},"MimeType":{"$t":"application\/xml+connection"},"Description":{},"AppliesTo":{},"Tags":{"$t":".agent:STASKOWIN10"},"VersionLabel":{"$t":"1.0"},"State":{"$t":"CURRENT"},"ProcessGroup":{},"CreatedBy":{"$t":"gstasko@UW-POC.edu"},"CreationDate":{"$t":"2018-10-02T16:58:15Z"},"ModifiedBy":{"$t":"gstasko@UW-POC.edu"},"ModificationDate":{"$t":"2018-10-02T18:55:56Z"},"PublicationStatus":{"$t":"published"},"PublishedBy":{"$t":"gstasko@UW-POC.edu"},"PublicationDate":{"$t":"2018-10-02T18:56:03Z"},"PublishedContributionId":{"$t":"project:\/rt.connection\/HDPDDT\/HDPDDT.conn.xml"},"AutosaveExists":{"$t":"false"},"Entry":{"connection":{"displayName":"HDPDDT","label":"HDPDDT","name":"HDPDDT","xmlns":"http:\/\/schemas.informatica.com\/socrates\/data-services\/2014\/04\/avosConnections.xsd","xmlns$aetgt":"http:\/\/schemas.active-endpoints.com\/appmodules\/repository\/2010\/10\/avrepository.xsd","description":{},"tags":{"$t":".agent:STASKOWIN10"},"agent":{"$t":"STASKOWIN10"},"attributes":{"attribute":[{"encrypted":"false","name":"JDBC Connection URL","value":"jdbc:datadirect:hive:\/\/192.168.86.245:10000;TransactionMode=ignore"},{"encrypted":"false","name":"JDBC Jar Directory","value":"c:\/jdbc"},{"encrypted":"false","name":"JDBC Driver Class Name","value":"com.ddtek.jdbc.hive.HiveDriver"},{"encrypted":"false","name":"Schema","value":"foodmart"},{"encrypted":"false","name":"Username","value":"raj_ops"},{"encrypted":"true","name":"Password","value":""},{"encrypted":"false","name":"Object Filter","value":""},{"encrypted":"false","name":"TimeZone","value":"Default"},{"encrypted":"false","name":"$write-Number of retries","value":"5"},{"encrypted":"false","name":"$write-Retry wait period","value":"3"}]},"javaConnector":{"agentOnly":"true","plugin":"ICS","supportsConnectionTest":"true","supportsDataPreview":"true","supportsOData":"true","type":"GenericJDBCAdapter","uuid":"33ec8fc7-dc6d-4d2e-9f6f-a950669a62d1","xmlns":"http:\/\/schemas.informatica.com\/appmodules\/screenflow\/2014\/04\/avosConnectors.xsd","description":{"$t":"JDBC  Generic Cloud Adapter"}},"odata":{"enabled":{"$t":"true"},"allowedUsers":{"user":{"$t":"gstasko@UW-POC.edu"}},"customKeys":{"customKey":{"entity":"customer","field":{"$t":"customer_id"}}}}}},"GUID":{"$t":"0ilkNdkcFmglzDc3uBinqt"},"DisplayName":{"$t":"HDPDDT"}}