{"EntryId":{"$t":"W8aabbgdoGsF4Xk-gt-147193-2018-10-02T15:30:39.774Z::pd.xml"},"Name":{"$t":"QueryHDPDDT"},"MimeType":{"$t":"application\/xml+process"},"Description":{},"AppliesTo":{},"Tags":{"$t":".anonymous"},"VersionLabel":{"$t":"1.0"},"State":{"$t":"CURRENT"},"ProcessGroup":{},"CreatedBy":{"$t":"gstasko@UW-POC.edu"},"CreationDate":{"$t":"2018-10-02T15:30:40Z"},"ModifiedBy":{"$t":"gstasko@UW-POC.edu"},"ModificationDate":{"$t":"2018-10-02T19:23:35Z"},"PublicationStatus":{"$t":"published"},"PublishedBy":{"$t":"gstasko@UW-POC.edu"},"PublicationDate":{"$t":"2018-10-02T19:23:40Z"},"PublishedContributionId":{"$t":"project:\/spi.QueryHDPDDT\/QueryHDPDDT.pd.xml"},"AutosaveExists":{"$t":"false"},"Entry":{"process":{"displayName":"QueryHDPDDT","name":"QueryHDPDDT","xmlns":"http:\/\/schemas.active-endpoints.com\/appmodules\/screenflow\/2010\/10\/avosScreenflow.xsd","xmlns$aetgt":"http:\/\/schemas.active-endpoints.com\/appmodules\/repository\/2010\/10\/avrepository.xsd","xmlns$list":"urn:activevos:spi:list:functions","appliesTo":{},"description":{},"tags":{"$t":".anonymous"},"generator":{"$t":"Informatica Process Designer 9"},"input":{"parameter":{"description":"","name":"in_Customer_id","type":"int","options":{"option":{"name":"required","$t":"false"}}}},"output":{"field":[{"description":"","name":"o_LName","type":"string","options":{"option":{"name":"required","$t":"false"}}},{"description":"","name":"o_FName","type":"string","options":{"option":{"name":"required","$t":"false"}}},{"description":"","name":"o_Address1","type":"int","options":{"option":{"name":"required","$t":"false"}}},{"description":"","name":"o_City","type":"string","options":{"option":{"name":"required","$t":"false"}}},{"description":"","name":"o_StateProvince","type":"string","options":{"option":{"name":"required","$t":"false"}}},{"description":"","name":"o_Telephone1","type":"string","options":{"option":{"name":"required","$t":"false"}}},{"description":"","name":"o_FullName","type":"string","options":{"option":{"name":"required","$t":"false"}}}]},"tempFields":{"field":{"description":"","name":"temp_customer","type":"reference","options":{"option":[{"name":"referenceTo","$t":"HDPDDT:customer"},{"name":"required","$t":"false"},{"name":"isCopy","$t":"true"},{"name":"guid","$t":"0ilkNdkcFmglzDc3uBinqt"}]}}},"notes":{},"deployment":{"suspendOnFault":"false","tracingLevel":"verbose","rest":{"allowAnonymousAccess":{}}},"flow":{"id":"a","start":{"id":"b","link":{"id":"jms3ni11","targetId":"jms3ni10"}},"assignment":[{"id":"jms3ni10","title":{"$t":"Lookup Customer by ID"},"operation":{"source":"query","to":"temp.temp_customer","query":{"from":"HDPDDT:customer","where":{"$t":"customer_id = {$input.in_Customer_id}"}}},"link":{"id":"jms3ni1a","targetId":"jms3ni19"}},{"id":"jms3ni19","title":{"$t":"Generate Outputs"},"operation":[{"source":"field","to":"output.o_FName","$t":"temp.temp_customer[1]\/fname"},{"source":"field","to":"output.o_LName","$t":"temp.temp_customer[1]\/lname"},{"source":"field","to":"output.o_City","$t":"temp.temp_customer[1]\/city"},{"source":"field","to":"output.o_StateProvince","$t":"temp.temp_customer[1]\/state_province"},{"source":"field","to":"output.o_Telephone1","$t":"temp.temp_customer[1]\/phone1"},{"source":"field","to":"output.o_FullName","$t":"temp.temp_customer[1]\/fullname"}],"link":{"id":"jms3ni1j","targetId":"c"}}],"end":{"id":"c"}}}},"GUID":{"$t":"eGgR5gg1nQQfvBxqLHQZEK"},"DisplayName":{"$t":"QueryHDPDDT"}}