objectPath,objectName,objectType,id
/Explore,Marketo,Project,0mgzWNknIxNbJC4EsMHdit
/Explore/Marketo,Marketo Authentication API,AI_SERVICE_CONNECTOR,36E798zRGzxjuakJcNBJUi
/Explore/Marketo,Marketo-Authentication-API-actions,AI_CONNECTION,gHaNbW5ESmziYZ2phzGved
/Explore/Marketo,Marketo-Lead-Database-API-actions,AI_CONNECTION,0xDBJu22hABfzIs5jfBiUt
/Explore/Marketo,Marketo Lead Database API,AI_SERVICE_CONNECTOR,3vaZsVZI58tdx1veaQS36D
/Explore/Marketo,Marketo Asset API,AI_SERVICE_CONNECTOR,2yBkbp7ZSgth6gPy2Vxj2A
/Explore/Marketo,Marketo Get Folder Metadata,PROCESS,1aa4aLiosQOh6wJSwQ0ZMI
/Explore/Marketo,Marketo Lead Retrieval by ID,PROCESS,0E79jIt6mNlk0cVh2vXqW5
/Explore/Marketo,Marketo-Asset-API-actions,AI_CONNECTION,8q1dsQXUkY9g3qmImmk8Cb